{"count":1,"self":110.7524736,"total":111.0436153,"children":{"InitializeActuators":{"count":2,"self":0.0025264,"total":0.0025264,"children":null},"InitializeSensors":{"count":2,"self":0.0030149,"total":0.0030149,"children":null},"AgentSendState":{"count":328,"self":0.12161169999999999,"total":0.14220339999999998,"children":{"CollectObservations":{"count":66,"self":0.0035735999999999997,"total":0.0035735999999999997,"children":null},"WriteActionMask":{"count":66,"self":0.00053009999999999993,"total":0.00053009999999999993,"children":null},"RequestDecision":{"count":66,"self":0.016488,"total":0.016488,"children":null}}},"DecideAction":{"count":328,"self":0.132703,"total":0.13629829999999998,"children":{"RayPerceptionSensor.Perceive":{"count":66,"self":0.0035952999999999996,"total":0.0035952999999999996,"children":null}}},"AgentAct":{"count":328,"self":0.0070945999999999995,"total":0.0070945999999999995,"children":null}},"gauges":{},"metadata":{"timer_format_version":"0.1.0","start_time_seconds":"1778002550","unity_version":"6000.3.10f1","command_line_arguments":"C:\\Program Files\\Unity\\Hub\\Editor\\6000.3.10f1\\Editor\\Unity.exe -projectpath C:\\UNI\\YEAR 2 SEM 2\\GAPT\\GAPT -acceptSoftwareTermsForThisRunOnly -useHub -hubIPC -cloudEnvironment production","communication_protocol_version":"1.5.0","com.unity.ml-agents_version":"4.0.3","scene_name":"Task3","end_time_seconds":"1778002661"}}