{"count":1,"self":13.3947664,"total":13.449508999999999,"children":{"InitializeActuators":{"count":2,"self":0.001253,"total":0.001253,"children":null},"InitializeSensors":{"count":2,"self":0.0018349999999999998,"total":0.0018349999999999998,"children":null},"AgentSendState":{"count":595,"self":0.039439999999999996,"total":0.043543,"children":{"CollectObservations":{"count":238,"self":0.001003,"total":0.001003,"children":null},"WriteActionMask":{"count":238,"self":0.00045799999999999997,"total":0.00045799999999999997,"children":null},"RequestDecision":{"count":238,"self":0.0019219999999999999,"total":0.002642,"children":{"RayPerceptionSensor.Perceive":{"count":238,"self":0.00071999999999999994,"total":0.00071999999999999994,"children":null}}}}},"DecideAction":{"count":595,"self":0.0043419999999999995,"total":0.0043419999999999995,"children":null},"AgentAct":{"count":595,"self":0.0034249999999999997,"total":0.0034249999999999997,"children":null}},"gauges":{},"metadata":{"timer_format_version":"0.1.0","start_time_seconds":"1782664349","unity_version":"6000.3.10f1","command_line_arguments":"\/home\/julianagius\/Unity\/Hub\/Editor\/6000.3.10f1\/Editor\/Unity -projectpath \/run\/media\/julianagius\/NTFS_Games\/Test5\/GAPT -acceptSoftwareTermsForThisRunOnly -useHub -hubIPC -cloudEnvironment production","communication_protocol_version":"1.5.0","com.unity.ml-agents_version":"4.0.3","scene_name":"Task13","end_time_seconds":"1782664363"}}