{
    "name": "root",
    "gauges": {
        "EnemyTracker.Policy.Entropy.mean": {
            "value": 0.255447655916214,
            "min": 0.255447655916214,
            "max": 1.3845272064208984,
            "count": 18
        },
        "EnemyTracker.Policy.Entropy.sum": {
            "value": 2556.2646484375,
            "min": 2556.2646484375,
            "max": 13857.732421875,
            "count": 18
        },
        "EnemyTracker.Step.mean": {
            "value": 179999.0,
            "min": 9977.0,
            "max": 179999.0,
            "count": 18
        },
        "EnemyTracker.Step.sum": {
            "value": 179999.0,
            "min": 9977.0,
            "max": 179999.0,
            "count": 18
        },
        "EnemyTracker.Policy.ExtrinsicValueEstimate.mean": {
            "value": 0.9346498847007751,
            "min": -0.11967004835605621,
            "max": 0.9346498847007751,
            "count": 18
        },
        "EnemyTracker.Policy.ExtrinsicValueEstimate.sum": {
            "value": 960.820068359375,
            "min": -20.702919006347656,
            "max": 960.820068359375,
            "count": 18
        },
        "EnemyTracker.Environment.EpisodeLength.mean": {
            "value": 8.73443579766537,
            "min": 8.73443579766537,
            "max": 344.13793103448273,
            "count": 18
        },
        "EnemyTracker.Environment.EpisodeLength.sum": {
            "value": 8979.0,
            "min": 8975.0,
            "max": 10012.0,
            "count": 18
        },
        "EnemyTracker.Environment.CumulativeReward.mean": {
            "value": 0.9563278032300073,
            "min": -0.6394644070948873,
            "max": 0.9563278032300073,
            "count": 18
        },
        "EnemyTracker.Environment.CumulativeReward.sum": {
            "value": 983.1049817204475,
            "min": -17.905003398656845,
            "max": 983.1049817204475,
            "count": 18
        },
        "EnemyTracker.Policy.ExtrinsicReward.mean": {
            "value": 0.9563278032300073,
            "min": -0.6394644070948873,
            "max": 0.9563278032300073,
            "count": 18
        },
        "EnemyTracker.Policy.ExtrinsicReward.sum": {
            "value": 983.1049817204475,
            "min": -17.905003398656845,
            "max": 983.1049817204475,
            "count": 18
        },
        "EnemyTracker.IsTraining.mean": {
            "value": 1.0,
            "min": 1.0,
            "max": 1.0,
            "count": 18
        },
        "EnemyTracker.IsTraining.sum": {
            "value": 1.0,
            "min": 1.0,
            "max": 1.0,
            "count": 18
        },
        "EnemyTracker.Losses.PolicyLoss.mean": {
            "value": 0.020630613372971614,
            "min": 0.020630613372971614,
            "max": 0.03744834526441991,
            "count": 17
        },
        "EnemyTracker.Losses.PolicyLoss.sum": {
            "value": 0.020630613372971614,
            "min": 0.020630613372971614,
            "max": 0.03744834526441991,
            "count": 17
        },
        "EnemyTracker.Losses.ValueLoss.mean": {
            "value": 7.510791959551474e-05,
            "min": 6.85046879273917e-05,
            "max": 0.09568586722016334,
            "count": 17
        },
        "EnemyTracker.Losses.ValueLoss.sum": {
            "value": 7.510791959551474e-05,
            "min": 6.85046879273917e-05,
            "max": 0.09568586722016334,
            "count": 17
        },
        "EnemyTracker.Policy.LearningRate.mean": {
            "value": 0.000195471034843,
            "min": 0.000195471034843,
            "max": 0.00029383860205380003,
            "count": 17
        },
        "EnemyTracker.Policy.LearningRate.sum": {
            "value": 0.000195471034843,
            "min": 0.000195471034843,
            "max": 0.00029383860205380003,
            "count": 17
        },
        "EnemyTracker.Policy.Epsilon.mean": {
            "value": 0.16515699999999994,
            "min": 0.16515699999999994,
            "max": 0.19794619999999993,
            "count": 17
        },
        "EnemyTracker.Policy.Epsilon.sum": {
            "value": 0.16515699999999994,
            "min": 0.16515699999999994,
            "max": 0.19794619999999993,
            "count": 17
        },
        "EnemyTracker.Policy.Beta.mean": {
            "value": 0.003261334300000001,
            "min": 0.003261334300000001,
            "max": 0.004897515379999999,
            "count": 17
        },
        "EnemyTracker.Policy.Beta.sum": {
            "value": 0.003261334300000001,
            "min": 0.003261334300000001,
            "max": 0.004897515379999999,
            "count": 17
        }
    },
    "metadata": {
        "timer_format_version": "0.1.0",
        "start_time_seconds": "1776849728",
        "python_version": "3.10.11 (tags/v3.10.11:7d4cc5a, Apr  5 2023, 00:38:17) [MSC v.1929 64 bit (AMD64)]",
        "command_line_arguments": "C:\\Users\\matth\\AppData\\Local\\Programs\\Python\\Python310\\Scripts\\mlagents-learn config.yaml --run-id=Task12_FinalAttempt --force",
        "mlagents_version": "1.1.0",
        "mlagents_envs_version": "1.1.0",
        "communication_protocol_version": "1.5.0",
        "pytorch_version": "2.7.0+cpu",
        "numpy_version": "1.23.5",
        "end_time_seconds": "1776851591"
    },
    "total": 1862.9746436999994,
    "count": 1,
    "self": 0.020291499968152493,
    "children": {
        "run_training.setup": {
            "total": 0.1387391000171192,
            "count": 1,
            "self": 0.1387391000171192
        },
        "TrainerController.start_learning": {
            "total": 1862.8156131000142,
            "count": 1,
            "self": 5.716648991685361,
            "children": {
                "TrainerController._reset_env": {
                    "total": 35.60942230001092,
                    "count": 1,
                    "self": 35.60942230001092
                },
                "TrainerController.advance": {
                    "total": 1820.7049702082877,
                    "count": 198443,
                    "self": 5.2048774205031805,
                    "children": {
                        "env_step": {
                            "total": 1728.4464374942472,
                            "count": 198443,
                            "self": 1339.126173472323,
                            "children": {
                                "SubprocessEnvManager._take_step": {
                                    "total": 385.4618495160248,
                                    "count": 198443,
                                    "self": 15.424191115016583,
                                    "children": {
                                        "TorchPolicy.evaluate": {
                                            "total": 370.03765840100823,
                                            "count": 188624,
                                            "self": 370.03765840100823
                                        }
                                    }
                                },
                                "workers": {
                                    "total": 3.858414505899418,
                                    "count": 198442,
                                    "self": 0.0,
                                    "children": {
                                        "worker_root": {
                                            "total": 1781.2565147112473,
                                            "count": 198442,
                                            "is_parallel": true,
                                            "self": 799.6383166169398,
                                            "children": {
                                                "steps_from_proto": {
                                                    "total": 0.0037382000009529293,